InputSize,S,AverageComparisons,AverageTime
100,10,508,0.000000
100,11,502,0.000000
100,12,543,0.000000
100,13,578,0.000000
100,14,579,0.000000
100,15,585,0.000000
100,16,579,0.000000
100,17,572,0.000000
100,18,574,0.000000
100,19,573,0.000000
100,20,562,0.000000
100,21,577,0.000000
100,22,576,0.000000
100,23,574,0.000000
100,24,584,0.000000
100,25,794,0.000000
100,26,785,0.000000
100,27,792,0.000000
100,28,822,0.000000
100,29,795,0.000000
100,30,795,0.000000
100,31,812,0.000000
100,32,804,0.000000
100,33,776,0.000000
100,34,796,0.000000
100,35,795,0.000000
100,36,794,0.000000
100,37,801,0.000000
100,38,798,0.000000
100,39,808,0.000000
100,40,785,0.000000
100,41,815,0.000000
100,42,764,0.000000
100,43,805,0.000000
100,44,816,0.000000
100,45,804,0.000000
100,46,796,0.000000
100,47,792,0.000000
100,48,798,0.000000
100,49,779,0.000000
100,50,1347,0.000000
100,51,1269,0.000000
100,52,1292,0.000000
100,53,1315,0.000000
100,54,1330,0.000000
100,55,1279,0.000000
100,56,1365,0.000000
100,57,1352,0.000000
100,58,1356,0.000000
100,59,1335,0.000000
100,60,1282,0.000000
100,61,1344,0.000000
100,62,1287,0.000000
100,63,1277,0.000000
100,64,1363,0.000000
100,65,1338,0.000000
100,66,1338,0.000000
100,67,1312,0.000000
100,68,1344,0.000000
100,69,1326,0.000000
100,70,1328,0.000000
100,71,1320,0.000000
100,72,1302,0.000000
100,73,1322,0.000000
100,74,1397,0.000000
100,75,1348,0.000000
100,76,1355,0.000000
100,77,1360,0.000000
100,78,1314,0.000000
100,79,1297,0.000000
100,80,1391,0.000000
100,81,1301,0.000000
100,82,1311,0.000000
100,83,1317,0.000000
100,84,1337,0.000000
100,85,1353,0.000000
100,86,1347,0.000000
100,87,1300,0.000000
100,88,1321,0.000000
100,89,1289,0.000000
100,90,1304,0.000000
100,91,1306,0.000000
100,92,1329,0.000000
100,93,1277,0.000000
100,94,1288,0.000000
100,95,1282,0.000000
100,96,1309,0.000000
100,97,1330,0.000000
100,98,1300,0.000000
100,99,1348,0.000000
100,100,2450,0.000000
100,101,2372,0.000000
100,102,2459,0.000000
100,103,2478,0.000000
100,104,2475,0.000000
100,105,2503,0.000000
100,106,2486,0.000000
100,107,2517,0.000000
100,108,2426,0.000000
100,109,2573,0.000000
100,110,2528,0.000000
100,111,2438,0.000000
100,112,2554,0.000000
100,113,2434,0.000000
100,114,2473,0.000000
100,115,2467,0.000000
100,116,2454,0.000000
100,117,2409,0.000000
100,118,2494,0.000000
100,119,2515,0.000000
100,120,2414,0.000000
100,121,2371,0.000000
100,122,2427,0.000000
100,123,2517,0.000000
100,124,2505,0.000000
100,125,2509,0.000000
100,126,2543,0.000000
100,127,2531,0.000000
100,128,2557,0.000000
1000,10,8469,0.000000
1000,11,8497,0.000000
1000,12,8459,0.000000
1000,13,8481,0.000000
1000,14,8499,0.000000
1000,15,8797,0.000000
1000,16,9491,0.000000
1000,17,9553,0.000000
1000,18,9558,0.000000
1000,19,9534,0.000000
1000,20,9558,0.001500
1000,21,9537,0.000000
1000,22,9540,0.000000
1000,23,9576,0.000000
1000,24,9573,0.000000
1000,25,9548,0.000000
1000,26,9501,0.000000
1000,27,9541,0.000000
1000,28,9531,0.000000
1000,29,9517,0.000000
1000,30,9559,0.000000
1000,31,11812,0.000000
1000,32,12380,0.000000
1000,33,12500,0.000000
1000,34,12466,0.000000
1000,35,12492,0.000000
1000,36,12442,0.001600
1000,37,12489,0.000000
1000,38,12594,0.000000
1000,39,12480,0.000000
1000,40,12591,0.000000
1000,41,12427,0.000000
1000,42,12472,0.000000
1000,43,12369,0.000000
1000,44,12507,0.000000
1000,45,12460,0.000000
1000,46,12545,0.000000
1000,47,12522,0.000000
1000,48,12447,0.000000
1000,49,12500,0.000000
1000,50,12526,0.000000
1000,51,12439,0.001600
1000,52,12522,0.000000
1000,53,12441,0.000000
1000,54,12499,0.000000
1000,55,12551,0.000000
1000,56,12519,0.000000
1000,57,12474,0.000000
1000,58,12481,0.000000
1000,59,12508,0.000000
1000,60,12451,0.000000
1000,61,12487,0.000000
1000,62,16001,0.000000
1000,63,19376,0.000000
1000,64,19396,0.000000
1000,65,19153,0.000000
1000,66,19332,0.001500
1000,67,19254,0.000000
1000,68,19508,0.000000
1000,69,19319,0.000000
1000,70,19498,0.000000
1000,71,19271,0.000000
1000,72,19216,0.000000
1000,73,19324,0.000000
1000,74,19206,0.000000
1000,75,19429,0.000000
1000,76,19205,0.000000
1000,77,19348,0.000000
1000,78,19359,0.000000
1000,79,19377,0.000000
1000,80,19463,0.000000
1000,81,19262,0.001600
1000,82,19249,0.000000
1000,83,19260,0.000000
1000,84,19368,0.000000
1000,85,19400,0.000000
1000,86,19338,0.000000
1000,87,19392,0.000000
1000,88,19448,0.000000
1000,89,19224,0.000000
1000,90,19382,0.000000
1000,91,19320,0.000000
1000,92,19348,0.000000
1000,93,19367,0.000000
1000,94,19329,0.000000
1000,95,19389,0.000000
1000,96,19254,0.001500
1000,97,19438,0.000000
1000,98,19255,0.000000
1000,99,19433,0.000000
1000,100,19486,0.000000
1000,101,19222,0.000000
1000,102,19095,0.000000
1000,103,19207,0.000000
1000,104,19163,0.000000
1000,105,19214,0.000000
1000,106,19242,0.000000
1000,107,19396,0.000000
1000,108,19417,0.000000
1000,109,19138,0.000000
1000,110,19322,0.000000
1000,111,19262,0.000000
1000,112,19368,0.001600
1000,113,19195,0.000000
1000,114,19344,0.000000
1000,115,19324,0.000000
1000,116,19115,0.000000
1000,117,19309,0.000000
1000,118,19268,0.000000
1000,119,19408,0.000000
1000,120,19544,0.000000
1000,121,19483,0.000000
1000,122,19267,0.000000
1000,123,19342,0.000000
1000,124,19256,0.000000
1000,125,34302,0.000000
1000,126,33862,0.000000
1000,127,33569,0.001600
1000,128,33996,0.000000
10000,10,120027,0.001600
10000,11,120020,0.001600
10000,12,120011,0.001500
10000,13,119954,0.001600
10000,14,120055,0.001500
10000,15,120010,0.000000
10000,16,120071,0.001600
10000,17,119959,0.000000
10000,18,119963,0.001500
10000,19,126586,0.001600
10000,20,135506,0.001800
10000,21,135268,0.001100
10000,22,135055,0.000000
10000,23,135274,0.003200
10000,24,135514,0.001500
10000,25,135400,0.000000
10000,26,135347,0.001600
10000,27,135499,0.001600
10000,28,135492,0.001500
10000,29,135289,0.001600
10000,30,135302,0.001500
10000,31,135526,0.000000
10000,32,135248,0.001600
10000,33,135129,0.001600
10000,34,135483,0.000000
10000,35,135344,0.001600
10000,36,135335,0.000000
10000,37,135323,0.001600
10000,38,135302,0.001500
10000,39,172047,0.001600
10000,40,174917,0.000000
10000,41,174507,0.001500
10000,42,174644,0.003200
10000,43,174460,0.001500
10000,44,174656,0.000000
10000,45,174849,0.001500
10000,46,174178,0.000000
10000,47,174546,0.001600
10000,48,174442,0.001600
10000,49,174772,0.001500
10000,50,174476,0.001600
10000,51,174383,0.001600
10000,52,174827,0.000000
10000,53,174480,0.001600
10000,54,174581,0.000000
10000,55,174710,0.001600
10000,56,174813,0.000000
10000,57,174655,0.001500
10000,58,174579,0.001600
10000,59,174399,0.000000
10000,60,174223,0.001600
10000,61,174682,0.001500
10000,62,174672,0.001600
10000,63,174361,0.001500
10000,64,174422,0.001600
10000,65,174706,0.000000
10000,66,174625,0.000000
10000,67,174446,0.001500
10000,68,174448,0.001600
10000,69,174577,0.001600
10000,70,174218,0.001500
10000,71,174743,0.001600
10000,72,174385,0.000000
10000,73,174834,0.001500
10000,74,174498,0.001600
10000,75,174541,0.001600
10000,76,174716,0.001500
10000,77,174253,0.000000
10000,78,250999,0.000000
10000,79,262659,0.000000
10000,80,261941,0.001600
10000,81,262109,0.001600
10000,82,262567,0.001500
10000,83,261712,0.001600
10000,84,262516,0.001600
10000,85,261698,0.000000
10000,86,262999,0.001600
10000,87,262204,0.000000
10000,88,262895,0.001500
10000,89,262653,0.001600
10000,90,262327,0.002100
10000,91,262205,0.000900
10000,92,262386,0.001500
10000,93,261946,0.001600
10000,94,262157,0.001500
10000,95,262915,0.000000
10000,96,262756,0.001600
10000,97,263231,0.001600
10000,98,262277,0.001500
10000,99,262363,0.001600
10000,100,262038,0.001600
10000,101,262820,0.001500
10000,102,262375,0.001600
10000,103,263073,0.001500
10000,104,262422,0.000000
10000,105,262246,0.001600
10000,106,262999,0.001600
10000,107,261802,0.000000
10000,108,262503,0.001600
10000,109,262595,0.001600
10000,110,262632,0.001500
10000,111,262688,0.001600
10000,112,262082,0.000000
10000,113,262236,0.001500
10000,114,262270,0.001600
10000,115,262610,0.002500
10000,116,262631,0.001900
10000,117,263048,0.001600
10000,118,262000,0.001500
10000,119,262831,0.001600
10000,120,262276,0.001500
10000,121,262418,0.001600
10000,122,262534,0.001500
10000,123,262178,0.001600
10000,124,262125,0.001600
10000,125,262461,0.001500
10000,126,262114,0.000000
10000,127,263430,0.000000
10000,128,262099,0.001600
100000,10,1497882,0.015600
100000,11,1497944,0.015600
100000,12,1547702,0.018800
100000,13,1564252,0.015600
100000,14,1564432,0.014000
100000,15,1564416,0.016100
100000,16,1564466,0.017200
100000,17,1564270,0.017300
100000,18,1564634,0.015500
100000,19,1564227,0.015600
100000,20,1564130,0.015900
100000,21,1564328,0.014900
100000,22,1564344,0.018700
100000,23,1564485,0.012800
100000,24,1684233,0.012500
100000,25,1776798,0.012500
100000,26,1777092,0.010900
100000,27,1777566,0.012500
100000,28,1776441,0.014100
100000,29,1777345,0.011000
100000,30,1777041,0.011000
100000,31,1777807,0.012500
100000,32,1776759,0.010900
100000,33,1776164,0.011000
100000,34,1776858,0.009700
100000,35,1777271,0.012300
100000,36,1776400,0.012500
100000,37,1777261,0.011100
100000,38,1776428,0.010900
100000,39,1777320,0.014000
100000,40,1776431,0.012500
100000,41,1776290,0.010900
100000,42,1776600,0.012600
100000,43,1776722,0.012200
100000,44,1776178,0.011100
100000,45,1777221,0.010900
100000,46,1777471,0.009500
100000,47,1776399,0.011000
100000,48,1862232,0.012400
100000,49,2290953,0.012700
100000,50,2290406,0.012500
100000,51,2289435,0.014300
100000,52,2289492,0.014600
100000,53,2290427,0.009600
100000,54,2292972,0.012600
100000,55,2290047,0.012800
100000,56,2290830,0.012000
100000,57,2291447,0.012600
100000,58,2289597,0.012600
100000,59,2290245,0.014300
100000,60,2290218,0.012600
100000,61,2289793,0.011700
100000,62,2290240,0.013200
100000,63,2290629,0.014500
100000,64,2289791,0.011900
100000,65,2290253,0.011600
100000,66,2290810,0.014700
100000,67,2291400,0.012900
100000,68,2291044,0.012900
100000,69,2289829,0.016000
100000,70,2290544,0.013500
100000,71,2289300,0.012900
100000,72,2289237,0.012600
100000,73,2290191,0.010700
100000,74,2290652,0.014200
100000,75,2287610,0.014000
100000,76,2290913,0.012900
100000,77,2290644,0.011900
100000,78,2290236,0.013200
100000,79,2290998,0.013100
100000,80,2291003,0.011500
100000,81,2290290,0.011200
100000,82,2291203,0.012600
100000,83,2290800,0.015000
100000,84,2291288,0.013100
100000,85,2291457,0.013000
100000,86,2290165,0.016200
100000,87,2290577,0.015300
100000,88,2290590,0.017400
100000,89,2289862,0.016900
100000,90,2289369,0.019600
100000,91,2290785,0.017500
100000,92,2289994,0.017300
100000,93,2291704,0.015900
100000,94,2290535,0.014800
100000,95,2289406,0.018200
100000,96,2292063,0.018100
100000,97,2670309,0.018800
100000,98,3413229,0.019000
100000,99,3416594,0.016500
100000,100,3411054,0.017000
100000,101,3412903,0.015000
100000,102,3412417,0.016800
100000,103,3410779,0.017900
100000,104,3412214,0.012300
100000,105,3413059,0.015100
100000,106,3410808,0.015600
100000,107,3410061,0.016100
100000,108,3413058,0.018200
100000,109,3412637,0.017000
100000,110,3411113,0.018400
100000,111,3410846,0.018300
100000,112,3408796,0.018800
100000,113,3412398,0.017900
100000,114,3411390,0.015000
100000,115,3410050,0.017300
100000,116,3411678,0.019800
100000,117,3413466,0.021600
100000,118,3410228,0.019600
100000,119,3412076,0.017200
100000,120,3412157,0.021400
100000,121,3409784,0.020300
100000,122,3413362,0.019100
100000,123,3410507,0.020200
100000,124,3411060,0.020900
100000,125,3410615,0.018200
100000,126,3409283,0.016800
100000,127,3410921,0.016300
100000,128,3407041,0.017400
200000,10,3195797,0.036800
200000,11,3195712,0.033100
200000,12,3295603,0.029300
200000,13,3328888,0.028000
200000,14,3328879,0.027300
200000,15,3328930,0.028300
200000,16,3328876,0.031100
200000,17,3328680,0.028400
200000,18,3329128,0.028300
200000,19,3329362,0.027300
200000,20,3328916,0.026200
200000,21,3329095,0.028100
200000,22,3328961,0.028400
200000,23,3328492,0.030200
200000,24,3568086,0.029200
200000,25,3752855,0.026600
200000,26,3754348,0.028000
200000,27,3754059,0.026400
200000,28,3753016,0.029200
200000,29,3752382,0.027500
200000,30,3754108,0.023400
200000,31,3753970,0.026200
200000,32,3754016,0.025900
200000,33,3753146,0.025400
200000,34,3753456,0.027100
200000,35,3754059,0.023500
200000,36,3753373,0.028900
200000,37,3754515,0.035400
200000,38,3753260,0.030900
200000,39,3754491,0.033100
200000,40,3753590,0.039400
200000,41,3754749,0.038800
200000,42,3753033,0.036300
200000,43,3753374,0.033900
200000,44,3753897,0.037600
200000,45,3754167,0.036900
200000,46,3752960,0.033200
200000,47,3753667,0.031800
200000,48,3922757,0.029800
200000,49,4779781,0.029500
200000,50,4781805,0.032300
200000,51,4780564,0.032900
200000,52,4781220,0.033600
200000,53,4781358,0.029400
200000,54,4782355,0.031000
200000,55,4779296,0.029000
200000,56,4780851,0.022800
200000,57,4781507,0.027400
200000,58,4781469,0.025900
200000,59,4779439,0.028200
200000,60,4778909,0.030100
200000,61,4780024,0.026700
200000,62,4780718,0.026500
200000,63,4780778,0.026900
200000,64,4782297,0.026800
200000,65,4781327,0.028100
200000,66,4780714,0.025000
200000,67,4778720,0.031300
200000,68,4782238,0.029300
200000,69,4780713,0.028000
200000,70,4781916,0.031900
200000,71,4781049,0.031800
200000,72,4780577,0.035500
200000,73,4781977,0.042000
200000,74,4783988,0.036400
200000,75,4780512,0.034500
200000,76,4782820,0.037800
200000,77,4779803,0.034000
200000,78,4780114,0.028200
200000,79,4779739,0.033300
200000,80,4781442,0.024000
200000,81,4780714,0.029700
200000,82,4780352,0.036900
200000,83,4780218,0.030200
200000,84,4782472,0.038100
200000,85,4780363,0.031100
200000,86,4779634,0.034600
200000,87,4778456,0.042100
200000,88,4780579,0.034200
200000,89,4779038,0.037300
200000,90,4782528,0.031300
200000,91,4779692,0.030900
200000,92,4779961,0.028600
200000,93,4781112,0.029700
200000,94,4779135,0.026200
200000,95,4779134,0.027600
200000,96,4780858,0.026700
200000,97,5541022,0.030100
200000,98,7023119,0.032200
200000,99,7023170,0.030200
200000,100,7024904,0.030300
200000,101,7022191,0.031500
200000,102,7025457,0.030400
200000,103,7022441,0.031500
200000,104,7025953,0.034500
200000,105,7022422,0.030700
200000,106,7023503,0.030900
200000,107,7026472,0.029200
200000,108,7021538,0.029400
200000,109,7024169,0.029900
200000,110,7025434,0.027500
200000,111,7026443,0.031300
200000,112,7024841,0.037200
200000,113,7023803,0.032900
200000,114,7024587,0.031400
200000,115,7020817,0.031800
200000,116,7023381,0.028000
200000,117,7022431,0.030000
200000,118,7024055,0.029700
200000,119,7026478,0.032800
200000,120,7025516,0.032800
200000,121,7023734,0.030700
200000,122,7022240,0.031300
200000,123,7020058,0.031400
200000,124,7022977,0.032000
200000,125,7022245,0.032800
200000,126,7023159,0.032700
200000,127,7024182,0.032600
200000,128,7024611,0.034700
300000,10,5049854,0.045700
300000,11,5049739,0.042600
300000,12,5050013,0.044100
300000,13,5050180,0.044900
300000,14,5050689,0.046100
300000,15,5049790,0.044500
300000,16,5049494,0.044000
300000,17,5049771,0.042900
300000,18,5325036,0.046800
300000,19,5465374,0.042600
300000,20,5465559,0.047800
300000,21,5465489,0.044000
300000,22,5465869,0.040200
300000,23,5465332,0.047400
300000,24,5464818,0.055800
300000,25,5465963,0.052400
300000,26,5464918,0.044500
300000,27,5465001,0.045600
300000,28,5464257,0.044600
300000,29,5465431,0.043000
300000,30,5465259,0.049000
300000,31,5465171,0.042400
300000,32,5465069,0.043000
300000,33,5465282,0.047700
300000,34,5465586,0.045000
300000,35,5465049,0.045600
300000,36,5861805,0.046500
300000,37,6554559,0.042100
300000,38,6552190,0.038600
300000,39,6553127,0.038400
300000,40,6551226,0.040200
300000,41,6550912,0.038800
300000,42,6551718,0.040400
300000,43,6554431,0.040100
300000,44,6550975,0.040800
300000,45,6554362,0.042600
300000,46,6552113,0.046400
300000,47,6553295,0.042700
300000,48,6552012,0.040300
300000,49,6551943,0.038700
300000,50,6552088,0.040200
300000,51,6552616,0.041200
300000,52,6552515,0.042300
300000,53,6552316,0.040800
300000,54,6551641,0.040500
300000,55,6552857,0.042100
300000,56,6555051,0.044800
300000,57,6551469,0.046900
300000,58,6551588,0.040800
300000,59,6553757,0.048100
300000,60,6552440,0.046500
300000,61,6552954,0.045800
300000,62,6552968,0.045100
300000,63,6551220,0.046600
300000,64,6552489,0.055400
300000,65,6551526,0.053300
300000,66,6550646,0.052000
300000,67,6552875,0.049600
300000,68,6551335,0.043400
300000,69,6553031,0.045900
300000,70,6553858,0.047300
300000,71,6554025,0.057200
300000,72,6554135,0.046200
300000,73,8397500,0.044300
300000,74,9002674,0.044800
300000,75,9004620,0.043900
300000,76,9005998,0.044600
300000,77,9003919,0.045400
300000,78,9007053,0.046300
300000,79,9008787,0.045600
300000,80,9007611,0.050500
300000,81,9004010,0.042900
300000,82,9010178,0.043600
300000,83,9003434,0.050400
300000,84,9000909,0.049600
300000,85,9002504,0.048100
300000,86,9001991,0.044600
300000,87,9001786,0.042600
300000,88,9001191,0.046900
300000,89,9010195,0.047200
300000,90,9005531,0.051900
300000,91,9004606,0.048400
300000,92,9000440,0.050300
300000,93,9005586,0.050900
300000,94,9002599,0.054800
300000,95,9005897,0.051700
300000,96,9001280,0.056400
300000,97,9007916,0.061500
300000,98,9006082,0.052100
300000,99,9005520,0.048000
300000,100,9001618,0.048100
300000,101,9001977,0.048500
300000,102,9005233,0.043500
300000,103,9003128,0.044000
300000,104,9001070,0.049500
300000,105,9003281,0.045500
300000,106,9005346,0.043500
300000,107,9006246,0.045300
300000,108,9003947,0.047900
300000,109,9000506,0.048300
300000,110,9006272,0.051200
300000,111,9004511,0.041500
300000,112,9003480,0.051800
300000,113,9004307,0.049300
300000,114,9001763,0.041600
300000,115,9002965,0.045300
300000,116,9002796,0.043100
300000,117,9003143,0.045100
300000,118,9004347,0.043600
300000,119,9004833,0.046400
300000,120,9007470,0.046400
300000,121,9003580,0.043200
300000,122,9002203,0.048400
300000,123,9004038,0.049800
300000,124,9006885,0.051300
300000,125,9000724,0.048700
300000,126,9003648,0.045600
300000,127,9005090,0.054900
300000,128,9008455,0.055000
400000,10,6791573,0.076600
400000,11,6791281,0.075200
400000,12,6991429,0.073600
400000,13,7057660,0.064200
400000,14,7057568,0.062800
400000,15,7057107,0.057500
400000,16,7057410,0.061900
400000,17,7057007,0.062900
400000,18,7057006,0.058800
400000,19,7056923,0.059700
400000,20,7057543,0.057700
400000,21,7057580,0.056100
400000,22,7058003,0.053500
400000,23,7057390,0.059500
400000,24,7535721,0.058600
400000,25,7906003,0.055700
400000,26,7906819,0.062000
400000,27,7907452,0.060400
400000,28,7906746,0.057300
400000,29,7908190,0.054000
400000,30,7907420,0.056200
400000,31,7907702,0.055600
400000,32,7906664,0.052300
400000,33,7906224,0.054800
400000,34,7908468,0.051800
400000,35,7905710,0.053800
400000,36,7907285,0.051800
400000,37,7907621,0.052700
400000,38,7907385,0.053400
400000,39,7905448,0.053900
400000,40,7906977,0.064800
400000,41,7906565,0.062200
400000,42,7906978,0.063000
400000,43,7907758,0.062400
400000,44,7907001,0.061300
400000,45,7906118,0.063700
400000,46,7908607,0.054100
400000,47,7906801,0.061800
400000,48,8246577,0.061100
400000,49,9961289,0.057900
400000,50,9959358,0.056300
400000,51,9960039,0.056300
400000,52,9961092,0.057200
400000,53,9962441,0.063500
400000,54,9959383,0.062000
400000,55,9961228,0.058400
400000,56,9963808,0.062400
400000,57,9961952,0.057900
400000,58,9962181,0.058100
400000,59,9959677,0.057800
400000,60,9960031,0.062300
400000,61,9961014,0.054200
400000,62,9959914,0.058000
400000,63,9960999,0.054200
400000,64,9963041,0.063300
400000,65,9959969,0.056400
400000,66,9963681,0.057400
400000,67,9959678,0.064800
400000,68,9960505,0.061300
400000,69,9961698,0.062300
400000,70,9961201,0.060600
400000,71,9962988,0.060400
400000,72,9962377,0.054200
400000,73,9958683,0.054900
400000,74,9960606,0.056100
400000,75,9958904,0.057300
400000,76,9961061,0.058500
400000,77,9959236,0.056100
400000,78,9962935,0.058800
400000,79,9960739,0.061800
400000,80,9965028,0.053200
400000,81,9964160,0.052600
400000,82,9962368,0.056700
400000,83,9959139,0.056600
400000,84,9959716,0.056900
400000,85,9961016,0.057500
400000,86,9963896,0.059700
400000,87,9960420,0.054200
400000,88,9961850,0.054400
400000,89,9959828,0.055800
400000,90,9963286,0.059600
400000,91,9960775,0.055900
400000,92,9960485,0.055100
400000,93,9960979,0.059800
400000,94,9960192,0.060900
400000,95,9961140,0.055500
400000,96,9960114,0.054900
400000,97,11484416,0.055200
400000,98,14449202,0.059300
400000,99,14447106,0.067700
400000,100,14445639,0.070200
400000,101,14449650,0.063200
400000,102,14451470,0.067800
400000,103,14451282,0.066800
400000,104,14444714,0.062400
400000,105,14451566,0.064100
400000,106,14442162,0.061900
400000,107,14436339,0.063600
400000,108,14441718,0.059800
400000,109,14452132,0.059800
400000,110,14445604,0.059700
400000,111,14450089,0.060100
400000,112,14444508,0.059700
400000,113,14448629,0.059500
400000,114,14447363,0.059800
400000,115,14446484,0.060500
400000,116,14447330,0.070400
400000,117,14441749,0.069400
400000,118,14444512,0.065600
400000,119,14451100,0.062300
400000,120,14445572,0.059500
400000,121,14449190,0.064200
400000,122,14446320,0.058700
400000,123,14446503,0.059400
400000,124,14444627,0.072600
400000,125,14448046,0.069000
400000,126,14447657,0.068600
400000,127,14449826,0.061300
400000,128,14442725,0.062400
500000,10,8709177,0.083000
500000,11,8708491,0.075500
500000,12,8708791,0.074900
500000,13,8709353,0.080200
500000,14,8709173,0.075100
500000,15,9066879,0.069200
500000,16,9217262,0.067800
500000,17,9217577,0.070400
500000,18,9217668,0.070200
500000,19,9218237,0.070400
500000,20,9216838,0.070000
500000,21,9217345,0.072000
500000,22,9217907,0.075000
500000,23,9217633,0.069600
500000,24,9217881,0.066900
500000,25,9217897,0.067300
500000,26,9216924,0.072800
500000,27,9217027,0.072600
500000,28,9218241,0.083000
500000,29,9216912,0.075900
500000,30,9883218,0.074800
500000,31,10654252,0.072100
500000,32,10652934,0.071100
500000,33,10653290,0.070900
500000,34,10653538,0.073800
500000,35,10652660,0.067300
500000,36,10652727,0.069100
500000,37,10652636,0.066700
500000,38,10653826,0.069400
500000,39,10654156,0.074100
500000,40,10651371,0.069300
500000,41,10652671,0.070100
500000,42,10651929,0.074100
500000,43,10651558,0.070500
500000,44,10653230,0.070500
500000,45,10655002,0.073400
500000,46,10652903,0.075500
500000,47,10653016,0.080800
500000,48,10652307,0.073200
500000,49,10652839,0.072300
500000,50,10652900,0.077700
500000,51,10653669,0.073700
500000,52,10652714,0.075200
500000,53,10653703,0.073900
500000,54,10653949,0.077400
500000,55,10652942,0.082100
500000,56,10651820,0.079500
500000,57,10654088,0.071100
500000,58,10654223,0.072400
500000,59,10653480,0.072600
500000,60,10653757,0.071100
500000,61,13858469,0.071400
500000,62,13977296,0.080000
500000,63,13978035,0.073400
500000,64,13981237,0.077500
500000,65,13982960,0.092800
500000,66,13977928,0.086100
500000,67,13978293,0.088000
500000,68,13978714,0.081700
500000,69,13976414,0.077600
500000,70,13979350,0.073700
500000,71,13980235,0.077700
500000,72,13977059,0.075600
500000,73,13973556,0.069800
500000,74,13982146,0.070300
500000,75,13976857,0.077400
500000,76,13983023,0.078800
500000,77,13978442,0.079400
500000,78,13979047,0.080300
500000,79,13982609,0.071900
500000,80,13979987,0.079000
500000,81,13977904,0.074600
500000,82,13978733,0.073500
500000,83,13978624,0.071900
500000,84,13983725,0.083700
500000,85,13980235,0.081900
500000,86,13980286,0.077500
500000,87,13979663,0.078300
500000,88,13980222,0.082900
500000,89,13977426,0.077400
500000,90,13975103,0.075700
500000,91,13980048,0.073600
500000,92,13983301,0.078700
500000,93,13976352,0.079300
500000,94,13983898,0.079300
500000,95,13979165,0.076100
500000,96,13977870,0.076200
500000,97,13982125,0.073300
500000,98,13975534,0.078800
500000,99,13980408,0.070400
500000,100,13979068,0.074500
500000,101,13981042,0.074900
500000,102,13979930,0.077700
500000,103,13979306,0.078700
500000,104,13981116,0.080600
500000,105,13975211,0.080600
500000,106,13978690,0.088800
500000,107,13977536,0.074200
500000,108,13979491,0.074000
500000,109,13976539,0.078900
500000,110,13979397,0.081800
500000,111,13977950,0.078700
500000,112,13976651,0.079400
500000,113,13978798,0.084600
500000,114,13975111,0.093900
500000,115,13979264,0.076800
500000,116,13979878,0.078100
500000,117,13976801,0.083500
500000,118,13981503,0.075700
500000,119,13975870,0.077100
500000,120,13979687,0.076400
500000,121,13974134,0.077900
500000,122,20605643,0.104500
500000,123,21100845,0.100800
500000,124,21111032,0.097400
500000,125,21114241,0.095600
500000,126,21109611,0.098200
500000,127,21108107,0.096900
500000,128,21108834,0.094300
750000,10,13401795,0.127400
750000,11,13609499,0.117300
750000,12,13834297,0.117300
750000,13,13834502,0.121500
750000,14,13834019,0.117600
750000,15,13833646,0.119400
750000,16,13833147,0.118200
750000,17,13833044,0.130300
750000,18,13833035,0.119200
750000,19,13833944,0.112300
750000,20,13835278,0.119200
750000,21,13834280,0.116600
750000,22,13981070,0.116400
750000,23,15285575,0.108700
750000,24,15284046,0.113900
750000,25,15286086,0.109300
750000,26,15283661,0.104500
750000,27,15284761,0.108500
750000,28,15285074,0.103400
750000,29,15284035,0.110300
750000,30,15285642,0.115000
750000,31,15283208,0.127700
750000,32,15285196,0.115600
750000,33,15283851,0.103900
750000,34,15284538,0.127500
750000,35,15284715,0.111900
750000,36,15286165,0.110900
750000,37,15283456,0.112200
750000,38,15281893,0.114300
750000,39,15285324,0.110900
750000,40,15284197,0.117700
750000,41,15284528,0.125100
750000,42,15283541,0.124500
750000,43,15283012,0.118300
750000,44,15284792,0.120700
750000,45,16053404,0.113400
750000,46,18850594,0.111000
750000,47,18851561,0.112500
750000,48,18854472,0.118400
750000,49,18856515,0.109400
750000,50,18856614,0.118600
750000,51,18853562,0.115400
750000,52,18851967,0.117400
750000,53,18854433,0.132100
750000,54,18854477,0.143500
750000,55,18851486,0.141600
750000,56,18854371,0.130700
750000,57,18852633,0.112600
750000,58,18849089,0.107700
750000,59,18850920,0.106500
750000,60,18852433,0.110400
750000,61,18852995,0.109100
750000,62,18852675,0.109400
750000,63,18851193,0.112200
750000,64,18858671,0.108500
750000,65,18853671,0.111700
750000,66,18853035,0.113700
750000,67,18851524,0.116600
750000,68,18849324,0.114600
750000,69,18851842,0.109200
750000,70,18855613,0.108100
750000,71,18851416,0.111200
750000,72,18851358,0.107200
750000,73,18852562,0.110000
750000,74,18847340,0.105100
750000,75,18851842,0.106300
750000,76,18856137,0.108800
750000,77,18854305,0.113500
750000,78,18854081,0.107900
750000,79,18851254,0.115000
750000,80,18856085,0.118800
750000,81,18852449,0.116100
750000,82,18852567,0.110200
750000,83,18851837,0.110000
750000,84,18847654,0.113200
750000,85,18852649,0.108800
750000,86,18849422,0.109400
750000,87,18853348,0.109000
750000,88,18854018,0.115500
750000,89,18852883,0.115400
750000,90,18853757,0.113000
750000,91,22313739,0.111000
750000,92,26692423,0.119600
750000,93,26695967,0.130400
750000,94,26690796,0.125100
750000,95,26695702,0.122000
750000,96,26689088,0.120800
750000,97,26695976,0.116300
750000,98,26690477,0.128100
750000,99,26692912,0.118000
750000,100,26692187,0.117100
750000,101,26697676,0.119700
750000,102,26694950,0.127500
750000,103,26694961,0.116300
750000,104,26696986,0.121900
750000,105,26696042,0.127200
750000,106,26693091,0.129200
750000,107,26693625,0.131600
750000,108,26692490,0.132100
750000,109,26691548,0.124400
750000,110,26689961,0.123300
750000,111,26689509,0.118500
750000,112,26694452,0.127500
750000,113,26688696,0.130400
750000,114,26691721,0.117300
750000,115,26691990,0.129300
750000,116,26691925,0.128800
750000,117,26689518,0.130300
750000,118,26690812,0.122700
750000,119,26687115,0.127200
750000,120,26694644,0.134100
750000,121,26691261,0.119700
750000,122,26687935,0.120200
750000,123,26690674,0.125300
750000,124,26694014,0.125500
750000,125,26694591,0.126000
750000,126,26692231,0.126700
750000,127,26693188,0.117600
750000,128,26690535,0.129100
1000000,10,18417233,0.168500
1000000,11,18417409,0.161900
1000000,12,18417037,0.159900
1000000,13,18416883,0.163400
1000000,14,18417171,0.161600
1000000,15,19135971,0.151700
1000000,16,19435664,0.158600
1000000,17,19436435,0.161700
1000000,18,19436592,0.146200
1000000,19,19434773,0.146800
1000000,20,19434189,0.147500
1000000,21,19435755,0.149300
1000000,22,19435586,0.145900
1000000,23,19433880,0.155700
1000000,24,19434651,0.150100
1000000,25,19434229,0.155000
1000000,26,19433437,0.159900
1000000,27,19434485,0.157700
1000000,28,19434456,0.149800
1000000,29,19432384,0.146300
1000000,30,20766562,0.147700
1000000,31,22304604,0.155400
1000000,32,22307650,0.142500
1000000,33,22304939,0.143400
1000000,34,22303246,0.149700
1000000,35,22307118,0.148200
1000000,36,22307118,0.148700
1000000,37,22309314,0.155600
1000000,38,22309888,0.150600
1000000,39,22307132,0.154700
1000000,40,22306104,0.151100
1000000,41,22304004,0.142700
1000000,42,22306677,0.146400
1000000,43,22308419,0.155900
1000000,44,22307190,0.149500
1000000,45,22305880,0.154800
1000000,46,22306255,0.151700
1000000,47,22308150,0.142800
1000000,48,22306350,0.141600
1000000,49,22305900,0.156000
1000000,50,22304039,0.151900
1000000,51,22306419,0.148400
1000000,52,22305138,0.146500
1000000,53,22305562,0.140400
1000000,54,22306876,0.151600
1000000,55,22305308,0.163700
1000000,56,22305567,0.148000
1000000,57,22305644,0.141900
1000000,58,22304682,0.155300
1000000,59,22306305,0.149800
1000000,60,22305280,0.150800
1000000,61,28717459,0.155400
1000000,62,28960734,0.151700
1000000,63,28954367,0.156500
1000000,64,28960984,0.159900
1000000,65,28960218,0.161700
1000000,66,28960019,0.151300
1000000,67,28956454,0.151900
1000000,68,28953673,0.149700
1000000,69,28954433,0.147000
1000000,70,28957223,0.152500
1000000,71,28957515,0.166300
1000000,72,28960775,0.157800
1000000,73,28957616,0.157100
1000000,74,28957207,0.157800
1000000,75,28955464,0.163200
1000000,76,28955780,0.159600
1000000,77,28955504,0.145900
1000000,78,28957417,0.150300
1000000,79,28960456,0.159000
1000000,80,28952932,0.148600
1000000,81,28957619,0.146200
1000000,82,28951777,0.150900
1000000,83,28961681,0.161800
1000000,84,28960985,0.158600
1000000,85,28959127,0.157600
1000000,86,28961763,0.149300
1000000,87,28960279,0.152600
1000000,88,28958265,0.156200
1000000,89,28959762,0.152500
1000000,90,28959575,0.153000
1000000,91,28955678,0.147100
1000000,92,28955746,0.152700
1000000,93,28962235,0.161200
1000000,94,28956344,0.150200
1000000,95,28957520,0.146200
1000000,96,28954175,0.148200
1000000,97,28961430,0.161100
1000000,98,28955776,0.151500
1000000,99,28955910,0.151000
1000000,100,28958708,0.151200
1000000,101,28956975,0.163200
1000000,102,28959930,0.157700
1000000,103,28958887,0.163600
1000000,104,28958781,0.152700
1000000,105,28958780,0.150600
1000000,106,28955523,0.157600
1000000,107,28954605,0.154300
1000000,108,28957109,0.152000
1000000,109,28954644,0.153100
1000000,110,28960362,0.154000
1000000,111,28954283,0.152500
1000000,112,28959728,0.157700
1000000,113,28959713,0.156000
1000000,114,28954217,0.149900
1000000,115,28956344,0.156000
1000000,116,28957094,0.156900
1000000,117,28961615,0.154500
1000000,118,28961951,0.149700
1000000,119,28961267,0.159400
1000000,120,28958679,0.146900
1000000,121,28963768,0.162000
1000000,122,42209532,0.173200
1000000,123,43219405,0.168500
1000000,124,43207509,0.192900
1000000,125,43209055,0.189500
1000000,126,43221612,0.181500
1000000,127,43211638,0.177100
1000000,128,43219571,0.179900
10000000,10,219365235,1.712300
10000000,11,219367670,1.852200
10000000,12,219368261,1.808000
10000000,13,219365785,1.803000
10000000,14,219364925,1.907200
10000000,15,219362234,1.794800
10000000,16,219366413,1.730300
10000000,17,219370820,1.862300
10000000,18,219366252,1.875800
10000000,19,232858854,2.386600
10000000,20,234077651,1.961000
10000000,21,234083496,2.112300
10000000,22,234078352,2.194500
10000000,23,234085720,1.997700
10000000,24,234082859,2.021700
10000000,25,234082369,2.127000
10000000,26,234082796,1.731800
10000000,27,234082882,1.734700
10000000,28,234077394,1.743700
10000000,29,234079076,1.786400
10000000,30,234079304,1.854700
10000000,31,234077889,1.779200
10000000,32,234084628,1.727000
10000000,33,234078705,1.727100
10000000,34,234078105,1.760500
10000000,35,234083583,1.744100
10000000,36,234078992,1.671100
10000000,37,234083693,1.793600
10000000,38,266326012,1.708900
10000000,39,272205388,1.692800
10000000,40,272218344,1.692200
10000000,41,272194023,1.687500
10000000,42,272209794,1.653400
10000000,43,272211113,1.672100
10000000,44,272204823,1.651600
10000000,45,272199457,1.698000
10000000,46,272217189,1.649600
10000000,47,272215014,1.661300
10000000,48,272220153,1.642800
10000000,49,272217363,1.703600
10000000,50,272212708,1.689900
10000000,51,272198876,1.675800
10000000,52,272207828,1.730000
10000000,53,272194793,1.798500
10000000,54,272220699,1.815300
10000000,55,272215106,1.736300
10000000,56,272218949,1.688300
10000000,57,272220744,1.671900
10000000,58,272200551,1.697800
10000000,59,272224490,1.727600
10000000,60,272223317,1.705500
10000000,61,272212127,1.725900
10000000,62,272225620,1.747100
10000000,63,272206257,1.765600
10000000,64,272219242,1.730700
10000000,65,272216522,1.729000
10000000,66,272206807,1.680300
10000000,67,272219476,1.721300
10000000,68,272214067,1.690300
10000000,69,272210136,1.685900
10000000,70,272210515,1.674500
10000000,71,272222282,1.677200
10000000,72,272220453,1.716700
10000000,73,272219931,1.630500
10000000,74,272211049,1.640200
10000000,75,272210285,1.719000
10000000,76,332117831,1.761000
10000000,77,357727689,1.813900
10000000,78,357732912,1.776800
10000000,79,357721151,1.783500
10000000,80,357743297,1.794500
10000000,81,357767179,1.893100
10000000,82,357728918,1.917300
10000000,83,357757584,1.867500
10000000,84,357764989,1.832600
10000000,85,357717937,1.952600
10000000,86,357724087,1.806200
10000000,87,357734663,1.763400
10000000,88,357759931,1.785600
10000000,89,357725998,1.812800
10000000,90,357737939,1.843100
10000000,91,357745547,1.860200
10000000,92,357755561,1.814400
10000000,93,357727315,1.758900
10000000,94,357767076,1.867000
10000000,95,357734204,1.816300
10000000,96,357753270,1.785900
10000000,97,357743105,1.825600
10000000,98,357723208,1.805300
10000000,99,357764270,1.848200
10000000,100,357746922,1.788400
10000000,101,357738995,1.815900
10000000,102,357740814,1.815500
10000000,103,357714324,1.814300
10000000,104,357732336,1.835000
10000000,105,357738151,1.771700
10000000,106,357747362,2.030900
10000000,107,357738501,1.804100
10000000,108,357735523,1.794500
10000000,109,357734330,1.808900
10000000,110,357747356,1.802600
10000000,111,357744786,1.775800
10000000,112,357773202,1.777800
10000000,113,357753142,1.802500
10000000,114,357755714,1.831600
10000000,115,357732098,1.969100
10000000,116,357724135,1.782700
10000000,117,357725222,1.800700
10000000,118,357765905,1.757400
10000000,119,357743886,1.760600
10000000,120,357732741,1.811900
10000000,121,357724741,1.814000
10000000,122,357734444,1.782700
10000000,123,357739969,1.814400
10000000,124,357749279,1.766900
10000000,125,357754761,1.792700
10000000,126,357735014,1.739100
10000000,127,357726910,1.749000
10000000,128,357738616,1.749900
